{"timestamp": "2023-02-28 06:19:27.460288", "cpu_percent_history": [[2.4, 2.0, 2.8, 1.0, 1.4, 1.8, 1.4, 3.4, 1.8, 2.6, 1.8, 1.0, 2.4, 2.8, 1.8, 1.4], [2.2, 2.4, 2.0, 2.4, 3.4, 2.4, 1.0, 2.6, 1.6, 3.2, 1.8, 1.4, 4.0, 0.4, 2.2, 1.0], [1.6, 1.8, 1.4, 1.4, 1.4, 1.6, 1.2, 3.4, 1.2, 2.4, 1.2, 2.4, 4.0, 1.4, 1.0, 2.0], [2.2, 2.0, 2.4, 1.8, 2.4, 3.4, 1.2, 5.0, 1.0, 3.4, 1.8, 1.6, 2.8, 3.4, 2.0, 1.6], [2.0, 1.4, 2.2, 1.8, 2.4, 3.4, 1.6, 3.0, 1.4, 2.6, 1.4, 1.2, 1.4, 0.8, 1.6, 1.6], [1.4, 2.0, 2.6, 1.8, 1.6, 1.4, 2.8, 4.4, 3.0, 3.0, 2.0, 1.4, 1.2, 2.8, 1.6, 3.0], [2.8, 1.2, 0.8, 1.6, 1.8, 2.8, 1.2, 1.2, 2.2, 2.6, 0.8, 0.8, 0.8, 2.8, 1.2, 1.4], [3.0, 3.8, 2.4, 2.2, 1.8, 2.0, 1.8, 1.0, 2.4, 3.6, 2.6, 1.6, 2.8, 2.2, 1.6, 1.2], [3.0, 1.4, 1.0, 0.6, 1.8, 1.0, 1.6, 0.6, 2.4, 1.6, 2.2, 2.0, 3.8, 1.2, 1.4, 1.4], [3.6, 2.0, 2.4, 3.0, 3.4, 2.2, 1.8, 2.2, 3.6, 2.4, 3.4, 2.2, 2.2, 2.4, 4.6, 3.2]], "cpu_percent_ma": [[1.8999999999999997, 3.02, 2.04, 1.94, 1.78, 1.8199999999999998, 1.7, 2.22, 2.62, 2.2800000000000002, 2.32, 2.62, 1.7, 2.1800000000000006, 2.5199999999999996, 2.1599999999999993], [1.7400000000000002, 2.62, 1.8800000000000001, 1.8199999999999998, 1.7400000000000002, 1.7599999999999998, 1.5400000000000003, 2.14, 2.24, 2.18, 2.12, 2.4400000000000004, 1.6800000000000002, 1.8599999999999999, 2.1399999999999997, 1.9999999999999996], [1.8400000000000003, 2.58, 1.8199999999999998, 1.8399999999999994, 1.7599999999999998, 1.6600000000000001, 1.5, 2.2800000000000002, 2.3, 2.38, 2.1, 2.4, 1.9600000000000002, 1.9199999999999995, 2.04, 2.0799999999999996], [1.9200000000000004, 2.5599999999999996, 1.8799999999999997, 1.8199999999999998, 1.8799999999999997, 1.7399999999999998, 1.42, 2.6599999999999997, 2.2600000000000002, 2.4999999999999996, 2.04, 2.2600000000000002, 2.16, 1.94, 2.02, 2.1], [1.9600000000000002, 2.44, 1.9400000000000002, 1.78, 2.0, 1.94, 1.48, 2.84, 2.2800000000000002, 2.52, 2.02, 2.12, 2.2, 1.72, 2.06, 2.12], [1.86, 2.44, 1.98, 1.7200000000000002, 1.9400000000000002, 1.8599999999999999, 1.6599999999999997, 3.1799999999999997, 2.2800000000000002, 2.46, 2.02, 1.8399999999999999, 2.2, 1.8800000000000001, 2.0200000000000005, 2.3000000000000003], [2.0, 2.3, 1.9200000000000004, 1.7200000000000002, 1.9600000000000002, 2.02, 1.6399999999999995, 3.02, 2.26, 2.54, 1.9, 1.56, 2.1799999999999997, 2.06, 1.9400000000000002, 2.2600000000000002], [2.06, 2.3600000000000003, 1.98, 1.8200000000000003, 1.9200000000000004, 2.12, 1.5399999999999998, 2.8400000000000003, 2.04, 2.7200000000000006, 1.8400000000000003, 1.48, 2.34, 2.0, 1.7599999999999998, 1.8999999999999997], [2.2, 2.12, 1.9599999999999997, 1.7200000000000002, 2.0, 2.2, 1.56, 2.7199999999999998, 1.9799999999999998, 2.7, 1.86, 1.6, 2.48, 1.9600000000000002, 1.7799999999999998, 1.8], [2.42, 1.9999999999999996, 2.0, 1.7600000000000002, 2.1399999999999997, 2.2, 1.56, 2.6799999999999997, 2.06, 2.7400000000000007, 1.9, 1.56, 2.54, 2.02, 1.9, 1.78]], "cpu_freq_current": 2999.998999999999, "n_pids": 554, "virtual_memory_used": 9835237376, "virtual_memory_free": 771571712}