{"timestamp": "2023-03-03 04:00:45.848791", "cpu_percent_history": [[53.1, 1.8, 4.0, 3.2, 1.8, 6.4, 2.6, 2.8, 4.2, 2.8, 4.2, 29.4, 4.2, 16.2, 5.2, 4.0], [45.8, 25.3, 4.3, 3.0, 6.0, 1.8, 4.7, 4.4, 5.4, 3.0, 6.2, 36.1, 4.0, 14.4, 5.4, 4.2], [5.0, 35.2, 2.8, 9.7, 15.8, 8.8, 3.0, 7.0, 7.6, 2.0, 4.6, 80.6, 10.8, 4.2, 7.2, 9.0], [25.8, 54.1, 5.2, 21.1, 2.6, 13.7, 10.3, 6.3, 12.6, 11.1, 13.3, 60.5, 17.7, 5.2, 4.6, 10.4], [5.2, 5.8, 5.0, 31.7, 1.8, 10.7, 9.4, 5.9, 5.1, 8.9, 15.6, 6.2, 10.6, 61.5, 4.4, 5.4], [1.6, 9.1, 5.0, 5.6, 1.6, 6.0, 4.0, 4.4, 5.4, 5.6, 9.6, 1.2, 6.2, 98.6, 3.8, 4.0], [2.2, 9.8, 5.6, 10.0, 3.2, 5.3, 3.6, 19.6, 7.0, 26.5, 5.0, 28.7, 6.2, 41.4, 5.6, 4.2], [7.5, 10.6, 11.7, 12.2, 1.4, 19.2, 11.4, 16.9, 15.6, 15.6, 14.1, 18.5, 4.0, 89.2, 3.6, 2.4], [3.0, 10.0, 7.4, 2.6, 1.8, 10.7, 10.1, 3.2, 10.8, 10.0, 11.2, 26.6, 3.2, 97.4, 5.8, 3.4], [24.1, 8.4, 5.0, 53.1, 11.3, 7.3, 7.6, 15.8, 4.4, 7.6, 15.0, 27.6, 10.2, 0.8, 8.2, 5.0]], "cpu_percent_ma": [[19.95, 10.739999999999998, 6.29, 8.030000000000003, 6.209999999999999, 10.33, 22.09, 4.299999999999999, 7.5200000000000005, 3.3299999999999996, 5.209999999999999, 28.229999999999997, 4.880000000000001, 7.95, 7.710000000000001, 6.93], [24.35, 13.13, 6.14, 8.030000000000003, 6.7299999999999995, 9.540000000000001, 21.439999999999998, 3.8199999999999994, 7.540000000000001, 3.3899999999999997, 5.470000000000001, 24.95, 4.74, 9.31, 7.25, 7.15], [20.05, 14.969999999999999, 5.379999999999999, 6.92, 7.029999999999999, 10.08, 21.22, 3.9200000000000004, 7.1800000000000015, 2.9699999999999998, 5.49, 31.379999999999995, 5.38, 9.41, 7.2700000000000005, 7.57], [22.53, 19.34, 5.6, 8.790000000000001, 6.0600000000000005, 11.23, 15.959999999999999, 4.33, 7.959999999999999, 3.9, 5.640000000000001, 37.269999999999996, 6.8100000000000005, 9.750000000000002, 7.31, 7.590000000000001], [16.65, 18.76, 5.58, 11.78, 5.86, 12.1, 16.6, 4.5, 7.169999999999999, 4.39, 6.739999999999999, 35.88, 7.57, 15.74, 7.010000000000001, 7.750000000000002], [16.45, 14.63, 5.4799999999999995, 11.96, 5.720000000000001, 10.93, 16.8, 4.54, 7.07, 4.71, 7.379999999999998, 35.86, 7.67, 22.949999999999996, 6.11, 7.570000000000002], [16.069999999999997, 15.050000000000002, 5.08, 12.58, 5.6, 7.15, 14.55, 6.0200000000000005, 6.95, 6.709999999999999, 7.279999999999999, 38.57, 7.7700000000000005, 24.61, 6.01, 6.75], [16.339999999999996, 15.670000000000002, 5.38, 10.129999999999999, 5.26, 8.71, 15.37, 7.390000000000001, 7.85, 7.789999999999999, 7.9399999999999995, 35.33999999999999, 7.69, 33.39, 5.57, 5.75], [16.099999999999998, 16.270000000000003, 5.64, 10.249999999999998, 4.38, 9.0, 7.05, 7.33, 8.17, 8.65, 8.72, 37.64, 7.57, 42.95, 5.42, 5.569999999999999], [17.33, 17.01, 5.6, 15.219999999999999, 4.7299999999999995, 8.989999999999998, 6.67, 8.629999999999999, 7.8100000000000005, 9.309999999999999, 9.879999999999999, 31.54, 7.710000000000001, 42.89, 5.38, 5.2]], "cpu_freq_current": 2999.998999999999, "n_pids": 580, "virtual_memory_used": 13064077312, "virtual_memory_free": 258412544}