{"timestamp": "2023-02-28 06:01:00.436327", "cpu_percent_history": [[1.8, 2.4, 2.4, 1.8, 3.0, 1.8, 1.4, 1.4, 1.4, 3.4, 2.6, 2.2, 0.8, 2.4, 1.6, 1.2], [6.8, 4.2, 5.0, 3.4, 2.8, 4.6, 2.0, 1.4, 2.0, 1.6, 5.0, 2.4, 1.6, 4.0, 2.0, 2.0], [1.4, 1.4, 1.4, 1.6, 3.0, 2.8, 2.0, 2.0, 2.2, 1.4, 1.2, 0.8, 1.4, 1.2, 2.4, 1.6], [1.6, 1.4, 1.0, 1.0, 2.8, 3.0, 1.8, 1.0, 1.4, 2.2, 2.2, 2.0, 1.2, 1.4, 2.2, 1.8], [0.6, 1.8, 2.0, 2.0, 2.4, 2.8, 0.8, 0.8, 1.4, 0.2, 1.4, 1.8, 1.8, 1.2, 2.4, 0.8], [2.4, 3.2, 2.0, 2.6, 2.0, 2.6, 4.6, 4.8, 5.4, 4.0, 4.0, 2.8, 3.6, 3.2, 3.4, 3.0], [2.0, 1.0, 2.2, 1.4, 2.0, 2.8, 0.8, 3.6, 0.8, 1.6, 1.6, 1.8, 1.4, 1.2, 2.6, 0.8], [8.6, 1.2, 14.8, 2.4, 1.6, 6.2, 6.4, 4.0, 4.2, 1.8, 2.4, 2.6, 3.8, 7.6, 4.0, 5.0], [3.8, 2.8, 6.6, 3.2, 2.4, 1.6, 4.8, 6.4, 2.6, 2.2, 3.4, 2.6, 2.4, 3.4, 5.0, 3.6], [4.2, 3.4, 2.8, 1.4, 11.2, 2.4, 2.0, 3.8, 2.8, 3.8, 4.8, 4.4, 2.2, 2.6, 3.0, 4.2]], "cpu_percent_ma": [[2.6399999999999997, 2.82, 2.6399999999999997, 2.7, 2.4799999999999995, 2.68, 2.02, 1.92, 2.86, 2.2800000000000002, 3.4200000000000004, 3.2000000000000006, 2.420000000000001, 2.46, 3.2399999999999998, 3.19], [3.0000000000000004, 3.1599999999999997, 3.04, 2.8000000000000003, 2.48, 2.9799999999999995, 2.1, 1.7799999999999998, 2.88, 2.32, 3.84, 3.3600000000000003, 2.2200000000000006, 2.74, 2.3, 3.2299999999999995], [2.66, 2.7399999999999998, 3.0199999999999996, 2.34, 2.3400000000000003, 2.96, 2.1599999999999997, 1.78, 2.6399999999999997, 1.98, 3.2800000000000002, 2.5999999999999996, 1.92, 2.5799999999999996, 2.32, 2.5200000000000005], [2.62, 2.5999999999999996, 2.8999999999999995, 2.2, 2.5, 2.96, 2.24, 1.8200000000000003, 2.6399999999999997, 1.8399999999999999, 3.2800000000000002, 2.1399999999999997, 1.7599999999999998, 2.6199999999999997, 2.1399999999999997, 2.5200000000000005], [2.3200000000000003, 2.5199999999999996, 2.76, 2.08, 2.3600000000000003, 3.04, 1.9600000000000002, 1.7000000000000004, 2.4799999999999995, 1.7, 3.2399999999999998, 2.06, 1.4, 2.4399999999999995, 1.9799999999999998, 2.3400000000000003], [2.4, 2.6399999999999997, 2.76, 2.06, 2.4, 3.0800000000000005, 2.1399999999999997, 2.0200000000000005, 2.6199999999999997, 1.8, 3.34, 2.1800000000000006, 1.6, 2.52, 2.0799999999999996, 2.4200000000000004], [2.3600000000000003, 2.12, 2.68, 1.94, 2.12, 2.96, 2.0000000000000004, 1.9000000000000004, 2.3200000000000007, 1.8199999999999998, 2.9199999999999995, 2.04, 1.58, 2.0, 2.12, 1.98], [3.12, 2.06, 3.88, 1.9999999999999996, 2.1399999999999997, 3.3600000000000003, 2.3600000000000003, 2.14, 2.4200000000000004, 1.8000000000000003, 2.7199999999999998, 2.14, 1.78, 2.54, 2.3800000000000003, 2.2800000000000002], [3.1599999999999997, 2.2600000000000002, 4.34, 2.26, 2.28, 3.2399999999999998, 2.68, 2.6399999999999997, 2.4200000000000004, 1.94, 2.7, 2.1400000000000006, 1.9599999999999997, 2.8199999999999994, 2.68, 2.3400000000000007], [3.3200000000000003, 2.2800000000000002, 4.02, 2.0799999999999996, 3.3200000000000003, 3.06, 2.66, 2.92, 2.4200000000000004, 2.2199999999999998, 2.86, 2.3400000000000007, 2.02, 2.8199999999999994, 2.8600000000000003, 2.4000000000000004]], "cpu_freq_current": 2999.998999999999, "n_pids": 556, "virtual_memory_used": 10021322752, "virtual_memory_free": 420077568}